Time,Condition,Tre,Te,Tsk,Met,Eva
0,A-FIG.4,37.1966244725738,37.0067510548523,33.4137931034482,,
5,A-FIG.4,37.1966244725738,36.9898734177215,33.4263322884012,,
10,A-FIG.4,37.1755274261603,37.0067510548523,33.4012539184953,,
15,A-FIG.4,37.1628691983122,36.9898734177215,33.4263322884012,,
20,A-FIG.4,37.137552742616,36.9729957805907,33.4639498432601,,
25,A-FIG.4,37.1080168776371,36.9434599156118,33.5141065830721,,
30,A-FIG.4,37.095358649789,36.9308016877637,33.526645768025,,
35,A-FIG.4,37.0911392405063,36.926582278481,33.4514106583072,,
40,A-FIG.4,37.0911392405063,36.9223628691983,33.4263322884012,,
45,A-FIG.4,37.0700421940928,36.9223628691983,33.3260188087774,,
50,A-FIG.4,37.0700421940928,36.9054852320675,33.3385579937304,,
55,A-FIG.4,37.0573839662447,36.9097046413502,33.3134796238244,,
60,A-FIG.4,37.0320675105485,36.9012658227848,33.3260188087774,,
65,A-FIG.4,37.0405063291139,36.9181434599156,33.9278996865203,,
70,A-FIG.4,37.0151898734177,36.9012658227848,34.2163009404388,,
75,A-FIG.4,37.0151898734177,36.9139240506329,34.2915360501567,,
80,A-FIG.4,37.0004219409282,36.9181434599156,34.4545454545454,,
85,A-FIG.4,37.0025316455696,36.9350210970464,34.5047021943573,,
90,A-FIG.4,37.0130801687763,36.9434599156118,34.6175548589341,,
95,A-FIG.4,37.0088607594936,36.9392405063291,34.705329153605,,
100,A-FIG.4,37.010970464135,36.9434599156118,34.680250783699,,
105,A-FIG.4,37.0194092827004,36.9561181434599,34.692789968652,,
110,A-FIG.4,37.0194092827004,36.9561181434599,34.705329153605,,
115,A-FIG.4,37.0194092827004,36.9540084388185,34.6300940438871,,
120,A-FIG.4,37.0151898734177,36.9434599156118,34.6050156739811,,
125,A-FIG.4,37.0151898734177,36.9392405063291,34.5799373040752,,
130,A-FIG.4,37.0194092827004,36.9455696202531,34.6050156739811,,
135,A-FIG.4,37.0194092827004,36.9413502109704,34.6050156739811,,
140,A-FIG.4,37.0151898734177,36.9371308016877,34.6050156739811,,
145,A-FIG.4,37.0151898734177,36.9413502109704,34.6175548589341,,
150,A-FIG.4,37.010970464135,36.9434599156118,34.5799373040752,,
155,A-FIG.4,37.0151898734177,36.9434599156118,34.5799373040752,,
160,A-FIG.4,37.0194092827004,36.9371308016877,34.5673981191222,,
165,A-FIG.4,37.0278481012658,36.9413502109704,34.5799373040752,,
170,A-FIG.4,37.0320675105485,36.9455696202531,34.4796238244514,,
175,A-FIG.4,37.0320675105485,36.9476793248945,34.5924764890282,,
180,A-FIG.4,37.0447257383966,36.9476793248945,34.5673981191222,,
185,A-FIG.4,37.0616033755274,36.9434599156118,33.7398119122257,,
190,A-FIG.4,37.0890295358649,36.9392405063291,33.7272727272727,,
195,A-FIG.4,37.095358649789,36.9371308016877,33.7272727272727,,
200,A-FIG.4,37.0911392405063,36.9075949367088,33.6771159874608,,
205,A-FIG.4,37.095358649789,36.9075949367088,33.7021943573667,,
210,A-FIG.4,37.0911392405063,36.9118143459915,33.7021943573667,,
215,A-FIG.4,37.0890295358649,36.9139240506329,33.7021943573667,,
220,A-FIG.4,37.0848101265822,36.9097046413502,33.7147335423197,,
225,A-FIG.4,37.0658227848101,36.9097046413502,33.5768025078369,,
230,A-FIG.4,37.0658227848101,36.9075949367088,33.5768025078369,,
235,A-FIG.4,37.0700421940928,36.8970464135021,33.551724137931,,
240,A-FIG.4,37.0658227848101,36.8991561181434,33.564263322884,,
0,A-FIG.5,37.2550561797752,37.0247191011235,34.4809688581314,,
5,A-FIG.5,37.2719101123595,37.052808988764,34.4809688581314,,
10,A-FIG.5,37.2494382022471,37.0443820224719,34.4532871972318,,
15,A-FIG.5,37.2494382022471,37.0275280898876,34.5916955017301,,
20,A-FIG.5,37.2101123595505,37.0191011235955,34.5501730103806,,
25,A-FIG.5,37.2241573033707,37.0050561797752,34.4948096885813,,
30,A-FIG.5,37.2185393258426,36.9797752808988,34.4256055363321,,
35,A-FIG.5,37.2157303370786,36.9629213483146,34.5501730103806,,
40,A-FIG.5,37.2044943820224,36.9516853932584,34.4256055363321,,
45,A-FIG.5,37.1904494382022,36.9460674157303,34.439446366782,,
50,A-FIG.5,37.1707865168539,36.9348314606741,34.3425605536332,,
55,A-FIG.5,37.1539325842696,36.9348314606741,34.3425605536332,,
60,A-FIG.5,37.1202247191011,36.9123595505617,34.3702422145328,,
65,A-FIG.5,37.1370786516853,36.9011235955056,35.1038062283737,,
70,A-FIG.5,37.0865168539325,36.9011235955056,35.4636678200692,,
75,A-FIG.5,37.055617977528,36.8730337078651,35.8650519031141,,
80,A-FIG.5,37.05,36.926404494382,35.7543252595155,,
85,A-FIG.5,37.0808988764044,36.9685393258426,35.7820069204152,,
90,A-FIG.5,37.0949438202247,36.991011235955,35.7820069204152,,
95,A-FIG.5,37.114606741573,37.0219101123595,35.7543252595155,,
100,A-FIG.5,37.1314606741573,37.0303370786516,35.6574394463667,,
105,A-FIG.5,37.1426966292134,37.0415730337078,35.6435986159169,,
110,A-FIG.5,37.1398876404494,37.0471910112359,35.6712802768166,,
115,A-FIG.5,37.1398876404494,37.0415730337078,35.6712802768166,,
120,A-FIG.5,37.1539325842696,37.052808988764,35.5605536332179,,
125,A-FIG.5,37.1595505617977,37.0640449438202,35.5467128027681,,
130,A-FIG.5,37.1651685393258,37.0696629213483,35.6435986159169,,
135,A-FIG.5,37.179213483146,37.0696629213483,35.5743944636678,,
140,A-FIG.5,37.1876404494382,37.0752808988764,35.6989619377162,,
145,A-FIG.5,37.1960674157303,37.0780898876404,35.6851211072664,,
150,A-FIG.5,37.1960674157303,37.0865168539325,35.5328719723183,,
155,A-FIG.5,37.1960674157303,37.0949438202247,35.5605536332179,,
160,A-FIG.5,37.1707865168539,37.0949438202247,35.5882352941176,,
165,A-FIG.5,37.1848314606741,37.0921348314606,35.5190311418685,,
170,A-FIG.5,37.2241573033707,37.0949438202247,35.5051903114186,,
175,A-FIG.5,37.2213483146067,37.1202247191011,35.5190311418685,,
180,A-FIG.5,37.2522471910112,37.114606741573,35.5882352941176,,
185,A-FIG.5,37.2747191011235,37.114606741573,34.2041522491349,,
190,A-FIG.5,37.2859550561797,37.0837078651685,34.2179930795847,,
195,A-FIG.5,37.2831460674157,37.0696629213483,34.0657439446366,,
200,A-FIG.5,37.2747191011235,37.0247191011235,34.0795847750865,,
205,A-FIG.5,37.2943820224719,36.9938202247191,34.1487889273356,,
210,A-FIG.5,37.2634831460674,36.9741573033707,34.1903114186851,,
215,A-FIG.5,37.2213483146067,36.9544943820224,34.1487889273356,,
220,A-FIG.5,37.1848314606741,36.9657303370786,34.1626297577854,,
225,A-FIG.5,37.1623595505617,36.9994382022471,34.0657439446366,,
230,A-FIG.5,37.1426966292134,36.9797752808988,34.038062283737,,
235,A-FIG.5,37.1202247191011,36.9657303370786,34.1487889273356,,
240,A-FIG.5,37.0977528089887,36.9432584269662,34.1903114186851,,
0,A-FIG.6,37.2449299851595,37.1609424033215,34.1007818116462,,
5,A-FIG.6,37.2209500859573,37.1789474788989,34.1382124171259,43.167701863354,17.5465838509317
10,A-FIG.6,37.2109828106272,37.1550028442545,34.2274642543334,41.7701863354037,12.4223602484472
15,A-FIG.6,37.1939827749428,37.1555318126192,34.2474463815001,42.0807453416148,20.4968944099379
20,A-FIG.6,37.1630230122229,37.1105241614696,34.128452252576,41.1490683229813,17.3913043478261
25,A-FIG.6,37.1530557368928,37.1110531298344,34.1310732686316,40.527950310559,15.527950310559
30,A-FIG.6,37.143053197005,37.0940883587077,34.1335195502835,40.3726708074534,15.527950310559
35,A-FIG.6,37.1155745499046,37.0805870709216,34.0317991652687,40.3726708074534,14.4409937888198
40,A-FIG.6,37.1020908943973,37.0600882873389,34.0343328141225,40.3726708074534,15.3726708074534
45,A-FIG.6,37.0816097430935,37.029128524619,34.1237593857336,39.2857142857142,9.62732919254661
50,A-FIG.6,37.0611285917896,37.0156448691118,34.1957374790318,39.2857142857143,16.4596273291925
55,A-FIG.6,37.0406474404858,37.0126398250206,34.1461877945522,40.2173913043478,14.1304347826087
60,A-FIG.6,37.0096524132082,37.0341436484963,33.992471443406,,17.2360248447205
65,A-FIG.6,36.9891712619044,37.0381713647593,35.3665328700375,40.2173913043478,33.8509316770186
70,A-FIG.6,36.9792039865742,37.0806676756248,35.8552649972042,40.8385093167701,45.0310559006211
75,A-FIG.6,37.0007254423288,37.1336602301852,35.9445168344116,39.9068322981366,44.8757763975155
80,A-FIG.6,37.0327078772205,37.1831364045684,35.9817727054876,39.2857142857142,59.6273291925465
85,A-FIG.6,37.061191564214,37.2081566082212,36.0191159437654,38.975155279503,60.5590062111801
90,A-FIG.6,37.0932092636634,37.2296604316969,36.0563718148414,38.9751552795031,61.4906832298136
95,A-FIG.6,37.1217105829357,37.2476655072743,36.0588180964933,40.2173913043478,59.3167701863354
100,A-FIG.6,37.1432144064114,37.2586730870551,36.0266295231248,39.5962732919255,60.55900621118
105,A-FIG.6,37.1647005976083,37.2486881794462,35.9598934619378,39.9068322981366,65.8385093167701
110,A-FIG.6,37.1792245575662,37.2771718664396,35.9622523763878,39.9068322981366,68.7888198757763
115,A-FIG.6,37.1832170092716,37.2671869588307,35.9475996485342,39.1304347826087,70.807453416149
120,A-FIG.6,37.1767308495609,37.2816932865098,35.8805141185398,39.9068322981366,73.6024844720496
125,A-FIG.6,37.1842573137223,37.2717083789008,35.8483255451713,41.9254658385093,60.4037267080745
130,A-FIG.6,37.2057435049192,37.2827159586817,35.868307672338,39.9068322981366,81.9875776397515
135,A-FIG.6,37.2342448241914,37.2937411707413,35.8360317317677,40.527950310559,85.0931677018633
140,A-FIG.6,37.2452524039723,37.3082298661416,35.8559264917325,40.0621118012422,84.1614906832298
145,A-FIG.6,37.2702549753463,37.3192374459224,35.8585475077881,40.6832298136646,82.1428571428571
150,A-FIG.6,37.2952575467202,37.3267462778049,35.9477993449956,40.8385093167701,90.3726708074534
155,A-FIG.6,37.2922701349079,37.3342727419662,35.93305924994,39.751552795031,88.6645962732919
160,A-FIG.6,37.2962802188921,37.3592576810614,35.952866642703,39.5962732919255,91.4596273291925
165,A-FIG.6,37.3107865465712,37.3492727734525,35.9554002915568,39.5962732919254,85.8695652173912
170,A-FIG.6,37.321794126352,37.3707765969282,35.9579339404105,39.5962732919254,84.9378881987577
175,A-FIG.6,37.3222878301591,37.3747690486336,35.9778287003754,40.6832298136646,89.5962732919254
180,A-FIG.6,37.3507891494314,37.3822778805161,36.0498067936736,,99.3788819875776
185,A-FIG.6,37.3513004855174,37.4002829560935,34.5592848869717,40.6832298136646,41.4596273291925
190,A-FIG.6,37.3867816683074,37.4288019076446,34.0409852024922,38.6645962732918,19.8757763975155
195,A-FIG.6,37.4153006198585,37.4258144958322,34.0260703730329,37.5776397515528,18.7888198757763
200,A-FIG.6,37.4263081996393,37.422809451741,34.1326833213515,37.2670807453416,18.7888198757763
205,A-FIG.6,37.4338346638007,37.3848169286669,34.117943226296,36.4906832298137,16.6149068322981
210,A-FIG.6,37.4238497561917,37.3503584180487,34.2420046529275,37.2670807453416,20.8074534161491
215,A-FIG.6,37.4138472163039,37.3333760146431,34.3487049684479,37.4223602484472,19.5652173913043
220,A-FIG.6,37.3863509369247,37.3128772310605,34.3511512500998,37.4223602484472,17.5465838509317
225,A-FIG.6,37.3623534054437,37.306373439071,34.3537722661554,37.2670807453416,12.1118012422361
230,A-FIG.6,37.3383558739628,37.3033683949798,34.3214963255851,38.1987577639751,12.111801242236
235,A-FIG.6,37.3248722184555,37.2898847394725,34.3413037183481,37.2670807453416,13.1987577639751
240,A-FIG.6,37.30788981505,37.2903784432796,34.2222222222222,37.4223602484472,14.4409937888198
0,A-FIG.7,37.384,37.1973333333333,34.1095890410958,,
5,A-FIG.7,37.3893333333333,37.2533333333333,34.1506849315068,,
10,A-FIG.7,37.3813333333333,37.2426666666666,34.0410958904109,,
15,A-FIG.7,37.384,37.216,34.0684931506849,,
20,A-FIG.7,37.376,37.1733333333333,34.0273972602739,,
25,A-FIG.7,37.3573333333333,37.1626666666666,34.0273972602739,,
30,A-FIG.7,37.3093333333333,37.1653333333333,34.0273972602739,,
35,A-FIG.7,37.3333333333333,37.168,34.0410958904109,,
40,A-FIG.7,37.3226666666666,37.168,34.0684931506849,,
45,A-FIG.7,37.304,37.1653333333333,33.931506849315,,
50,A-FIG.7,37.2773333333333,37.1573333333333,33.931506849315,,
55,A-FIG.7,37.2746666666666,37.1573333333333,33.8493150684931,,
60,A-FIG.7,37.2693333333333,37.1493333333333,33.8630136986301,,
65,A-FIG.7,37.2613333333333,37.144,35.917808219178,,
70,A-FIG.7,37.2506666666666,37.1973333333333,36.6027397260274,,
75,A-FIG.7,37.248,37.2906666666666,36.6986301369862,,
80,A-FIG.7,37.2693333333333,37.4213333333333,36.6986301369863,,
85,A-FIG.7,37.28,37.4906666666666,36.6849315068493,,
90,A-FIG.7,37.3013333333333,37.5173333333333,36.6027397260273,,
95,A-FIG.7,37.3626666666666,37.5866666666666,36.6986301369863,,
100,A-FIG.7,37.3866666666666,37.6053333333333,36.7123287671232,,
105,A-FIG.7,37.416,37.632,36.6027397260274,,
110,A-FIG.7,37.4506666666666,37.6586666666666,36.6986301369863,,
115,A-FIG.7,37.4773333333333,37.696,36.6164383561643,,
120,A-FIG.7,37.504,37.7253333333333,36.7260273972602,,
125,A-FIG.7,37.5253333333333,37.752,36.6986301369863,,
130,A-FIG.7,37.568,37.768,36.7945205479452,,
135,A-FIG.7,37.5973333333333,37.7893333333333,36.8219178082191,,
140,A-FIG.7,37.6453333333333,37.8053333333333,36.7945205479452,,
145,A-FIG.7,37.68,37.8826666666666,36.7808219178082,,
150,A-FIG.7,37.6986666666666,37.9173333333333,36.8082191780821,,
155,A-FIG.7,37.7466666666666,37.9226666666666,36.8356164383561,,
160,A-FIG.7,37.7786666666666,37.9413333333333,36.9041095890411,,
165,A-FIG.7,37.792,37.944,36.8493150684931,,
170,A-FIG.7,37.824,37.9866666666666,36.8904109589041,,
175,A-FIG.7,37.8506666666666,38.0026666666666,36.945205479452,,
180,A-FIG.7,37.872,37.976,36.931506849315,,
185,A-FIG.7,37.8933333333333,37.9653333333333,34.4931506849315,,
190,A-FIG.7,37.896,37.928,34.0958904109589,,
195,A-FIG.7,37.8906666666666,37.848,33.958904109589,,
200,A-FIG.7,37.8666666666666,37.7946666666666,34.0958904109589,,
205,A-FIG.7,37.8586666666666,37.7706666666666,33.958904109589,,
210,A-FIG.7,37.8186666666666,37.7706666666666,34.0684931506849,,
215,A-FIG.7,37.7973333333333,37.72,34.0684931506849,,
220,A-FIG.7,37.7733333333333,37.616,34.0958904109589,,
225,A-FIG.7,37.7493333333333,37.624,34.1780821917808,,
230,A-FIG.7,37.7333333333333,37.616,34.2054794520547,,
235,A-FIG.7,37.7146666666666,37.6293333333333,34.2191780821917,,
240,A-FIG.7,37.6933333333333,37.6186666666666,34.2054794520547,,
0,B-FIG.1,37.3990476190476,37.027619047619,32.5696969696969,,
5,B-FIG.1,37.4228571428571,37.025238095238,32.8363636363636,,
10,B-FIG.1,37.4133333333333,37.0061904761904,33.1878787878787,,
15,B-FIG.1,37.3966666666666,36.9942857142857,33.3696969696969,,
20,B-FIG.1,37.38,36.9752380952381,33.490909090909,,
25,B-FIG.1,37.3657142857142,36.9609523809523,33.5393939393939,,
30,B-FIG.1,37.3419047619047,36.9609523809523,33.6363636363636,,
35,B-FIG.1,37.3252380952381,36.9609523809523,33.6727272727272,,
40,B-FIG.1,37.3038095238095,36.9442857142857,33.7818181818181,,
45,B-FIG.1,37.2823809523809,36.9323809523809,33.7575757575757,,
50,B-FIG.1,37.2609523809523,36.9228571428571,33.830303030303,,
55,B-FIG.1,37.2419047619047,36.9204761904761,33.830303030303,,
60,B-FIG.1,37.23,36.9204761904761,33.7939393939394,,
65,B-FIG.1,37.2085714285714,36.8919047619047,32.6666666666666,,
70,B-FIG.1,37.1990476190476,36.8823809523809,32.3757575757575,,
75,B-FIG.1,37.2038095238095,36.8847619047619,32.2424242424242,,
80,B-FIG.1,37.2038095238095,36.8704761904761,32.060606060606,,
85,B-FIG.1,37.1847619047619,36.8561904761904,31.9151515151515,,
90,B-FIG.1,37.18,36.8323809523809,31.8181818181818,,
95,B-FIG.1,37.1633333333333,36.827619047619,31.6969696969696,,
100,B-FIG.1,37.1585714285714,36.8133333333333,31.6,,
105,B-FIG.1,37.1395238095238,36.7942857142857,31.5030303030303,,
110,B-FIG.1,37.1157142857142,36.775238095238,31.430303030303,,
115,B-FIG.1,37.1085714285714,36.7490476190476,31.3212121212121,,
120,B-FIG.1,37.0895238095238,36.7395238095238,31.2484848484848,,
125,B-FIG.1,37.0609523809523,,31.2,,
130,B-FIG.1,37.0371428571428,36.7038095238095,31.090909090909,,
135,B-FIG.1,37.0109523809523,36.6680952380952,30.9939393939393,,
140,B-FIG.1,36.9942857142857,36.6680952380952,30.8848484848484,,
145,B-FIG.1,36.98,36.6538095238095,30.8484848484848,,
150,B-FIG.1,36.9657142857142,36.6442857142857,30.7636363636363,,
155,B-FIG.1,36.9323809523809,36.6347619047619,30.7393939393939,,
160,B-FIG.1,36.927619047619,36.6109523809523,30.6424242424242,,
165,B-FIG.1,36.9061904761904,36.6038095238095,30.5454545454545,,
170,B-FIG.1,36.8942857142857,36.5942857142857,30.5454545454545,,
175,B-FIG.1,36.8680952380952,36.5919047619047,30.4848484848484,,
180,B-FIG.1,36.8514285714285,36.5871428571428,30.4,,
185,B-FIG.1,36.8347619047619,36.5085714285714,31.1272727272727,,
190,B-FIG.1,36.8133333333333,36.475238095238,31.5151515151515,,
195,B-FIG.1,36.775238095238,36.4942857142857,31.7333333333333,,
200,B-FIG.1,36.7442857142857,36.5038095238095,31.8545454545454,,
205,B-FIG.1,36.7133333333333,36.5038095238095,32.0727272727272,,
210,B-FIG.1,36.7014285714285,36.5038095238095,32.2666666666666,,
215,B-FIG.1,36.6847619047619,36.5085714285714,32.3393939393939,,
220,B-FIG.1,36.675238095238,36.4966666666666,32.4242424242424,,
225,B-FIG.1,36.6466666666666,36.4847619047619,32.4969696969697,,
230,B-FIG.1,36.6395238095238,36.4847619047619,32.5939393939393,,
235,B-FIG.1,36.627619047619,36.48,32.6181818181818,,
240,B-FIG.1,36.625238095238,36.4895238095238,32.690909090909,,
0,B-FIG.2,37.2278145695364,36.8943585970076,32.7129337539432,,
5,B-FIG.2,37.2543046357615,36.9077722590139,33.1482649842271,,
10,B-FIG.2,37.2708609271523,36.8790286975717,33.4132492113564,,
15,B-FIG.2,37.2443708609271,36.8751962227127,33.6593059936908,,
20,B-FIG.2,37.2278145695364,36.8751962227127,33.7728706624605,,
25,B-FIG.2,37.2211920529801,36.8771124601422,33.8675078864353,,
30,B-FIG.2,37.2079470198675,36.8751962227127,33.96214511041,,
35,B-FIG.2,37.1947019867549,36.8713637478538,34.0189274447949,,
40,B-FIG.2,37.1913907284768,36.8541176109884,34.0946372239747,,
45,B-FIG.2,37.1682119205298,36.8560338484179,34.0378548895899,,
50,B-FIG.2,37.1649006622516,36.8502851361295,34.0757097791798,,
55,B-FIG.2,37.1350993377483,36.8483688987,34.0946372239747,,
60,B-FIG.2,37.1317880794702,36.8387877115526,34.0757097791798,,
65,B-FIG.2,37.128476821192,36.7947142506745,32.372239747634,,
70,B-FIG.2,37.1582781456953,36.8311227618346,31.7854889589905,,
75,B-FIG.2,37.1947019867549,36.8387877115526,31.4637223974763,,
80,B-FIG.2,37.2211920529801,36.8292065244052,31.1419558359621,,
85,B-FIG.2,37.241059602649,36.8023792003924,30.9526813880126,,
90,B-FIG.2,37.2509933774834,36.7985467255334,30.7066246056782,,
95,B-FIG.2,37.2609271523178,36.7851330635271,30.4984227129337,,
100,B-FIG.2,37.2509933774834,36.7793843512386,30.4037854889589,,
105,B-FIG.2,37.241059602649,36.7602219769438,30.2523659305993,,
110,B-FIG.2,37.224503311258204,36.7525570272259,30.0252365930599,,
115,B-FIG.2,37.2145695364238,36.741059602649,29.9495268138801,,
120,B-FIG.2,37.2112582781456,36.733394652931,29.7981072555205,,
125,B-FIG.2,37.1980132450331,36.7142322786362,29.7034700315457,,
130,B-FIG.2,37.1913907284768,36.7046510914888,29.5141955835962,,
135,B-FIG.2,37.1715231788079,36.6989023792003,29.3817034700315,,
140,B-FIG.2,37.1649006622516,36.6912374294824,29.192429022082,,
145,B-FIG.2,37.1549668874172,36.6682425803286,29.1167192429022,,
150,B-FIG.2,37.1417218543046,36.6624938680402,29.0031545741324,,
155,B-FIG.2,37.1218543046357,36.6529126808928,28.8328075709779,,
160,B-FIG.2,37.1251655629139,36.6529126808928,28.794952681388,,
165,B-FIG.2,37.105298013245,36.6356665440274,28.7381703470031,,
170,B-FIG.2,37.0688741721854,36.6145879323031,28.5678233438485,,
175,B-FIG.2,37.0721854304635,36.5992580328673,28.4921135646687,,
180,B-FIG.2,37.0423841059602,36.5935093205788,28.4164037854889,,
185,B-FIG.2,36.9827814569536,36.5245247731174,29.7602523659306,,
190,B-FIG.2,36.923178807947,36.4842837870983,30.3280757097791,,
195,B-FIG.2,36.8834437086092,36.4708701250919,30.8012618296529,,
200,B-FIG.2,36.8370860927152,36.4785350748099,31.0094637223974,,
205,B-FIG.2,36.7907284768211,36.4612889379445,31.2365930599369,,
210,B-FIG.2,36.7576158940397,36.4651214128035,31.4826498422712,,
215,B-FIG.2,36.7145695364238,36.4517077507971,31.577287066246,,
220,B-FIG.2,36.6913907284768,36.467037650233,31.8138801261829,,
225,B-FIG.2,36.6649006622516,36.4555402256561,31.9558359621451,,
230,B-FIG.2,36.6350993377483,36.4421265636497,32.0883280757097,,
235,B-FIG.2,36.6152317880794,36.4440428010792,32.2113564668769,,
240,B-FIG.2,36.5986754966887,36.4440428010792,32.3154574132492,,
0,B-FIG.3,37.5085714285714,37.1580952380952,32.2121212121212,,
5,B-FIG.3,37.5352380952381,37.1695238095238,32.2121212121212,,
10,B-FIG.3,37.5371428571428,37.1447619047619,32.2121212121212,,
15,B-FIG.3,37.5180952380952,37.0895238095238,32.1931818181818,,
20,B-FIG.3,37.4761904761904,37.0533333333333,32.1931818181818,,
25,B-FIG.3,37.44,37.0019047619047,32.1931818181818,,
30,B-FIG.3,37.4133333333333,36.9771428571428,32.2121212121212,,
35,B-FIG.3,37.3961904761904,36.9314285714285,32.1079545454545,,
40,B-FIG.3,37.3561904761904,36.9066666666666,31.9848484848484,,
45,B-FIG.3,37.3352380952381,36.8914285714285,31.8901515151515,,
50,B-FIG.3,37.3009523809523,36.8628571428571,31.7575757575757,,
55,B-FIG.3,37.28,36.8380952380952,31.6912878787878,,
60,B-FIG.3,37.2590476190476,36.8342857142857,31.6628787878787,,
65,B-FIG.3,37.2114285714285,36.7923809523809,33.8314393939394,,
70,B-FIG.3,37.1561904761904,36.7923809523809,34.7121212121212,,
75,B-FIG.3,37.1085714285714,36.8190476190476,35.1382575757575,,
80,B-FIG.3,37.0495238095238,36.8457142857142,35.5170454545454,,
85,B-FIG.3,37.015238095238,36.8838095238095,35.7821969696969,,
90,B-FIG.3,36.9885714285714,36.9180952380952,35.7916666666666,,
95,B-FIG.3,36.9847619047619,36.9561904761904,36.028409090909,,
100,B-FIG.3,36.9904761904761,36.967619047619,35.8863636363636,,
105,B-FIG.3,36.9714285714285,36.9904761904761,35.8863636363636,,
110,B-FIG.3,36.9942857142857,36.9866666666666,36,,
115,B-FIG.3,36.9923809523809,37.0133333333333,36,,
120,B-FIG.3,36.9904761904761,37.0171428571428,36,,
125,B-FIG.3,37.0190476190476,37.0323809523809,36,,
130,B-FIG.3,37.0171428571428,37.04,36.0094696969696,,
135,B-FIG.3,37.0419047619047,37.055238095238,35.9810606060606,,
140,B-FIG.3,37.0590476190476,37.0742857142857,36,,
145,B-FIG.3,37.0838095238095,37.0933333333333,36.0189393939393,,
150,B-FIG.3,37.0895238095238,37.0933333333333,36,,
155,B-FIG.3,37.1180952380952,37.1009523809523,36.0094696969696,,
160,B-FIG.3,37.1238095238095,37.1123809523809,36.0189393939393,,
165,B-FIG.3,37.135238095238,37.135238095238,36.0189393939393,,
170,B-FIG.3,37.1409523809523,37.1447619047619,36.0757575757575,,
175,B-FIG.3,37.1542857142857,37.1428571428571,35.9715909090909,,
180,B-FIG.3,37.1771428571428,37.1580952380952,36,,
185,B-FIG.3,37.2133333333333,37.1542857142857,33.3958333333333,,
190,B-FIG.3,37.2438095238095,37.1123809523809,33.3863636363636,,
195,B-FIG.3,37.2647619047619,37.0247619047619,33.1969696969696,,
200,B-FIG.3,37.2723809523809,36.9447619047619,33.0170454545454,,
205,B-FIG.3,37.2742857142857,36.8990476190476,32.875,,
210,B-FIG.3,37.2723809523809,36.9028571428571,32.6666666666666,,
215,B-FIG.3,37.2723809523809,36.8514285714285,32.5151515151515,,
220,B-FIG.3,37.2571428571428,36.8495238095238,32.4962121212121,,
225,B-FIG.3,37.2495238095238,36.8419047619047,32.4488636363636,,
230,B-FIG.3,37.2457142857142,36.8190476190476,32.3257575757575,,
235,B-FIG.3,37.2266666666666,36.8228571428571,32.2973484848484,,
240,B-FIG.3,37.2190476190476,36.807619047619,32.2310606060606,,
0,B-FIG.4,37.1756613756613,36.6169312169312,30.6542553191489,,
5,B-FIG.4,37.2857142857142,36.6761904761904,30.6223404255319,,4.80000000000005
10,B-FIG.4,37.2941798941798,36.6761904761904,30.5585106382978,38.24,4.63999999999996
15,B-FIG.4,37.3322751322751,36.6592592592592,30.4627659574468,37.6,5.28000000000002
20,B-FIG.4,37.3111111111111,36.6507936507936,30.3031914893617,37.6,5.91999999999998
25,B-FIG.4,37.3365079365079,36.642328042328,30.1436170212766,37.4399999999999,5.75999999999999
30,B-FIG.4,37.3026455026455,36.6338624338624,30.0159574468085,36.6399999999999,5.75999999999999
35,B-FIG.4,37.3111111111111,36.6296296296296,29.8882978723404,,6.07999999999997
40,B-FIG.4,37.2941798941798,36.6,29.8085106382978,36.6399999999999,6.56000000000002
45,B-FIG.4,37.2772486772486,36.5746031746031,29.6808510638297,36.48,5.92000000000003
50,B-FIG.4,37.2179894179894,36.5449735449735,29.5691489361702,35.3599999999999,6.08000000000004
55,B-FIG.4,37.2137566137566,36.5280423280423,29.4095744680851,36.48,7.36000000000002
60,B-FIG.4,37.2137566137566,36.5280423280423,29.2978723404255,38.08,6.88
65,B-FIG.4,37.1587301587301,36.4772486772486,32.4893617021276,,7.51999999999996
70,B-FIG.4,37.0783068783068,36.4137566137566,34.0053191489361,37.9199999999999,7.2
75,B-FIG.4,36.9724867724867,36.4010582010582,34.8670212765957,35.6799999999999,8.79999999999998
80,B-FIG.4,36.9216931216931,36.447619047619,35.4095744680851,34.88,8.80000000000001
85,B-FIG.4,36.8878306878306,36.5322751322751,35.8085106382978,36.64,11.2
90,B-FIG.4,36.837037037037,36.6126984126984,36.031914893617,36.1599999999999,17.76
95,B-FIG.4,36.837037037037,36.684656084656,36.1436170212765,37.1199999999999,28.32
100,B-FIG.4,36.8455026455026,36.7481481481481,36.1117021276595,,39.52
105,B-FIG.4,36.8412698412698,36.7777777777777,36.1595744680851,37.7599999999999,39.52
110,B-FIG.4,36.8328042328042,36.8243386243386,36.2074468085106,37.92,48.7999999999999
115,B-FIG.4,36.8328042328042,36.7904761904761,36.2553191489361,37.7599999999999,53.92
120,B-FIG.4,36.8455026455026,36.8285714285714,36.2074468085106,38.4,64.9599999999999
125,B-FIG.4,36.858201058201,36.8497354497354,36.1595744680851,39.04,67.04
130,B-FIG.4,36.9047619047619,36.8666666666666,36.1595744680851,38.56,72
135,B-FIG.4,36.9216931216931,36.879365079365,36.1595744680851,38.4,70.0799999999999
140,B-FIG.4,36.9301587301587,36.8962962962963,36.1755319148936,38.24,68.7999999999999
145,B-FIG.4,36.9724867724867,36.9132275132275,36.2074468085106,38.24,70.8799999999999
150,B-FIG.4,36.9894179894179,36.9301587301587,36.2234042553191,38.4,70.4
155,B-FIG.4,37.0232804232804,36.9597883597883,36.1755319148936,38.5599999999999,74.2399999999999
160,B-FIG.4,37.0444444444444,37.0021164021164,36.2074468085106,38.4,76.64
165,B-FIG.4,37.0656084656084,36.9936507936507,36.2074468085106,39.68,74.3999999999999
170,B-FIG.4,37.0867724867724,37.0021164021164,36.2074468085106,38.88,73.7599999999999
175,B-FIG.4,37.095238095238,37.0275132275132,36.2393617021276,39.84,79.84
180,B-FIG.4,37.1417989417989,37.0486772486772,36.1914893617021,,78.3999999999999
185,B-FIG.4,37.1417989417989,36.9724867724867,32.8882978723404,,45.7599999999999
190,B-FIG.4,37.2137566137566,36.9428571428571,32.2340425531914,37.5999999999999,13.28
195,B-FIG.4,37.2518518518518,36.815873015873,31.9787234042553,36.4799999999999,9.75999999999997
200,B-FIG.4,37.2814814814814,36.7269841269841,31.6436170212765,38.4,8.16000000000002
205,B-FIG.4,37.2984126984127,36.6719576719576,31.3723404255319,36.8,7.35999999999999
210,B-FIG.4,37.2730158730158,36.6338624338624,31.1170212765957,36.9599999999999,7.68
215,B-FIG.4,37.2814814814814,36.6042328042328,30.8617021276595,37.1199999999999,6.40000000000003
220,B-FIG.4,37.2518518518518,36.5915343915343,30.6382978723404,38.24,6.24000000000001
225,B-FIG.4,37.2349206349206,36.5873015873015,30.4946808510638,36,5.91999999999998
230,B-FIG.4,37.2306878306878,36.5746031746031,30.2872340425531,37.4399999999999,6.08000000000002
235,B-FIG.4,37.2137566137566,36.5661375661375,30.127659574468,,6.40000000000003
240,B-FIG.4,37.2222222222222,36.5746031746031,29.9680851063829,,7.52000000000001
0,B-FIG.5,37.3459459459459,37.0486486486486,34.071599045346,,
5,B-FIG.5,37.3266409266409,37.0795366795366,34.835322195704,,
10,B-FIG.5,37.3092664092664,37.0795366795366,35.1980906921241,,
15,B-FIG.5,37.2841698841698,37.0718146718146,35.4844868735083,,
20,B-FIG.5,37.2687258687258,37.0679536679536,35.6658711217183,,
25,B-FIG.5,37.2532818532818,37.0795366795366,35.8090692124105,,
30,B-FIG.5,37.2532818532818,37.0833976833976,35.780429594272,,
35,B-FIG.5,37.2532818532818,37.0833976833976,35.8568019093078,,
40,B-FIG.5,37.2494208494208,37.0833976833976,35.8377088305489,,
45,B-FIG.5,37.2416988416988,37.0911196911196,35.8377088305489,,
50,B-FIG.5,37.2455598455598,37.0949806949806,35.8472553699284,,
55,B-FIG.5,37.2494208494208,37.1065637065637,35.8663484486873,,
60,B-FIG.5,37.2474903474903,37.1104247104247,35.8472553699284,,
65,B-FIG.5,37.2571428571428,37.0911196911196,32.2673031026253,,
70,B-FIG.5,37.3111969111969,37.0640926640926,31.780429594272,,
75,B-FIG.5,37.3420849420849,37.0003861003861,31.6085918854415,,
80,B-FIG.5,37.3633204633204,36.9328185328185,31.3031026252983,,
85,B-FIG.5,37.3884169884169,36.903861003861,31.0548926014319,,
90,B-FIG.5,37.403861003861,36.8826254826254,30.8735083532219,,
95,B-FIG.5,37.3806949806949,36.8594594594594,30.6157517899761,,
100,B-FIG.5,37.3459459459459,36.8440154440154,30.4057279236276,,
105,B-FIG.5,37.3382239382239,36.8440154440154,30.3102625298329,,
110,B-FIG.5,37.3266409266409,36.8169884169884,30.2147971360381,,
115,B-FIG.5,37.3111969111969,36.8169884169884,30.0047732696897,,
120,B-FIG.5,37.2706563706563,36.7957528957529,29.9188544152744,,
125,B-FIG.5,37.2725868725868,36.7822393822393,29.7374701670644,,
130,B-FIG.5,37.2571428571428,36.7803088803088,29.5465393794749,,
135,B-FIG.5,37.2339768339768,36.7667953667953,29.4510739856801,,
140,B-FIG.5,37.2262548262548,36.7667953667953,29.3174224343675,,
145,B-FIG.5,37.1953667953667,36.7552123552123,29.2219570405727,,
150,B-FIG.5,37.1528957528957,36.7204633204633,29.0883054892601,,
155,B-FIG.5,37.1142857142857,36.6972972972973,28.9737470167064,,
160,B-FIG.5,37.0988416988416,36.6895752895752,28.8210023866348,,
165,B-FIG.5,37.0795366795366,36.6625482625482,28.7541766109785,,
170,B-FIG.5,37.0486486486486,36.6316602316602,28.6873508353222,,
175,B-FIG.5,37.0351351351351,36.6239382239382,28.5727923627685,,
180,B-FIG.5,37.0293436293436,36.6084942084942,28.4773269689737,,
185,B-FIG.5,36.9907335907335,36.5718146718146,31.9713603818615,,
190,B-FIG.5,36.9250965250965,36.5254826254826,33.4797136038186,,
195,B-FIG.5,36.8420849420849,36.5351351351351,34.3198090692124,,
200,B-FIG.5,36.7861003861003,36.5872586872586,34.9880668257756,,
205,B-FIG.5,36.7397683397683,36.6200772200772,35.5226730310262,,
210,B-FIG.5,36.7204633204633,36.6779922779922,35.8281622911694,,
215,B-FIG.5,36.7050193050193,36.7359073359073,36.0190930787589,,
220,B-FIG.5,36.7050193050193,36.7918918918918,36.1336515513126,,
225,B-FIG.5,36.7301158301158,36.8594594594594,36.2004773269689,,
230,B-FIG.5,36.7571428571428,36.934749034749,36.1718377088305,,
235,B-FIG.5,36.7764478764478,36.9868725868725,36.1718377088305,,
240,B-FIG.5,36.8189189189189,37.0042471042471,36.1241050119331,,
